{
    "name": "root",
    "gauges": {
        "BossBrainMinTABFAv2.mean_reward": {
            "value": 0.0,
            "min": -1.0,
            "max": 1.0,
            "count": 51
        },
        "MinTABFA_v2.0_BossBrainMinTABFAv2.Policy/Entropy.mean": {
            "value": 1.3174416380934417e-05,
            "min": 1.3174415471439715e-05,
            "max": 1.3174485502531752e-05,
            "count": 51
        },
        "MinTABFA_v2.0_BossBrainMinTABFAv2.Policy/Extrinsic Value Estimate.mean": {
            "value": 1903.5435791015625,
            "min": 1903.5435791015625,
            "max": 27916.48046875,
            "count": 51
        },
        "MinTABFA_v2.0_BossBrainMinTABFAv2.Losses/Value Loss.mean": {
            "value": 28504.634765625,
            "min": 26126.19921875,
            "max": 5681263.0,
            "count": 51
        },
        "MinTABFA_v2.0_BossBrainMinTABFAv2.Losses/Policy Loss.mean": {
            "value": 0.13429702818393707,
            "min": 0.11779104918241501,
            "max": 0.14210224151611328,
            "count": 51
        },
        "MinTABFA_v2.0_BossBrainMinTABFAv2.Policy/Learning Rate.mean": {
            "value": 1.0000000656873453e-05,
            "min": 1.0000000656873453e-05,
            "max": 1.0000000656873453e-05,
            "count": 51
        },
        "MinTABFA_v2.0_BossBrainMinTABFAv2.Environment/Cumulative Reward.mean": {
            "value": 0.0,
            "min": -1.0,
            "max": 1.0,
            "count": 51
        },
        "MinTABFA_v2.0_BossBrainMinTABFAv2.Environment/Episode Length.mean": {
            "value": 2313.75,
            "min": 1434.0,
            "max": 2604.0,
            "count": 51
        },
        "MinTABFA_v2.0_BossBrainMinTABFAv2.Policy/Extrinsic Reward.mean": {
            "value": 0.0,
            "min": -1.0,
            "max": 1.0,
            "count": 51
        }
    },
    "total": 1838.1983698,
    "count": 1,
    "self": 0.2057036999999582,
    "children": {
        "run_training.setup": {
            "total": 2.7830085999999996,
            "count": 1,
            "self": 2.7830085999999996
        },
        "TrainerController.start_learning": {
            "total": 1835.2096575,
            "count": 1,
            "self": 33.36902949997193,
            "children": {
                "TrainerController._reset_env": {
                    "total": 1.2809945000000003,
                    "count": 1,
                    "self": 1.2809945000000003
                },
                "TrainerController.advance": {
                    "total": 1799.7363826000283,
                    "count": 88536,
                    "self": 2.17036250001388,
                    "children": {
                        "env_step": {
                            "total": 1612.6339643000422,
                            "count": 88536,
                            "self": 1517.3150232000478,
                            "children": {
                                "SubprocessEnvManager._take_step": {
                                    "total": 93.71657079998518,
                                    "count": 88536,
                                    "self": 4.710015799999255,
                                    "children": {
                                        "NNPolicy.evaluate": {
                                            "total": 89.00655499998592,
                                            "count": 88536,
                                            "self": 89.00655499998592
                                        }
                                    }
                                },
                                "workers": {
                                    "total": 1.6023703000093086,
                                    "count": 88535,
                                    "self": 0.0,
                                    "children": {
                                        "worker_root": {
                                            "total": 1833.611717700018,
                                            "count": 88535,
                                            "is_parallel": true,
                                            "self": 438.83108170000037,
                                            "children": {
                                                "batched_step_result_from_proto": {
                                                    "total": 0.0004900999999999378,
                                                    "count": 1,
                                                    "is_parallel": true,
                                                    "self": 0.00020719999999974092,
                                                    "children": {
                                                        "_process_vector_observation": {
                                                            "total": 0.0002829000000001969,
                                                            "count": 1,
                                                            "is_parallel": true,
                                                            "self": 0.0002829000000001969
                                                        }
                                                    }
                                                },
                                                "UnityEnvironment.step": {
                                                    "total": 1394.7801459000177,
                                                    "count": 88535,
                                                    "is_parallel": true,
                                                    "self": 12.520398500005513,
                                                    "children": {
                                                        "UnityEnvironment._generate_step_input": {
                                                            "total": 11.167772700012314,
                                                            "count": 88535,
                                                            "is_parallel": true,
                                                            "self": 11.167772700012314
                                                        },
                                                        "communicator.exchange": {
                                                            "total": 1333.5635546000092,
                                                            "count": 88535,
                                                            "is_parallel": true,
                                                            "self": 1333.5635546000092
                                                        },
                                                        "batched_step_result_from_proto": {
                                                            "total": 37.52842009999074,
                                                            "count": 88535,
                                                            "is_parallel": true,
                                                            "self": 17.307851699966722,
                                                            "children": {
                                                                "_process_vector_observation": {
                                                                    "total": 20.220568400024018,
                                                                    "count": 88535,
                                                                    "is_parallel": true,